Driver,born,nationality,url
Lewis Hamilton,1985-01-07,British,http://en.wikipedia.org/wiki/Lewis_Hamilton
Nick Heidfeld,1977-05-10,German,http://en.wikipedia.org/wiki/Nick_Heidfeld
Nico Rosberg,1985-06-27,German,http://en.wikipedia.org/wiki/Nico_Rosberg
Fernando Alonso,1981-07-29,Spanish,http://en.wikipedia.org/wiki/Fernando_Alonso
Heikki Kovalainen,1981-10-19,Finnish,http://en.wikipedia.org/wiki/Heikki_Kovalainen
Kazuki Nakajima,1985-01-11,Japanese,http://en.wikipedia.org/wiki/Kazuki_Nakajima
Sébastien Bourdais,1979-02-28,French,http://en.wikipedia.org/wiki/S%C3%A9bastien_Bourdais
Kimi Räikkönen,1979-10-17,Finnish,http://en.wikipedia.org/wiki/Kimi_R%C3%A4ikk%C3%B6nen
Robert Kubica,1984-12-07,Polish,http://en.wikipedia.org/wiki/Robert_Kubica
Timo Glock,1982-03-18,German,http://en.wikipedia.org/wiki/Timo_Glock
Takuma Sato,1977-01-28,Japanese,http://en.wikipedia.org/wiki/Takuma_Sato
Nelson Piquet Jr.,1985-07-25,Brazilian,"http://en.wikipedia.org/wiki/Nelson_Piquet,_Jr."
Felipe Massa,1981-04-25,Brazilian,http://en.wikipedia.org/wiki/Felipe_Massa
David Coulthard,1971-03-27,British,http://en.wikipedia.org/wiki/David_Coulthard
Jarno Trulli,1974-07-13,Italian,http://en.wikipedia.org/wiki/Jarno_Trulli
Adrian Sutil,1983-01-11,German,http://en.wikipedia.org/wiki/Adrian_Sutil
Mark Webber,1976-08-27,Australian,http://en.wikipedia.org/wiki/Mark_Webber_(racing_driver)
Jenson Button,1980-01-19,British,http://en.wikipedia.org/wiki/Jenson_Button
Anthony Davidson,1979-04-18,British,http://en.wikipedia.org/wiki/Anthony_Davidson
Sebastian Vettel,1987-07-03,German,http://en.wikipedia.org/wiki/Sebastian_Vettel
Giancarlo Fisichella,1973-01-14,Italian,http://en.wikipedia.org/wiki/Giancarlo_Fisichella
Rubens Barrichello,1972-05-23,Brazilian,http://en.wikipedia.org/wiki/Rubens_Barrichello
Ralf Schumacher,1975-06-30,German,http://en.wikipedia.org/wiki/Ralf_Schumacher
Vitantonio Liuzzi,1980-08-06,Italian,http://en.wikipedia.org/wiki/Vitantonio_Liuzzi
Alexander Wurz,1974-02-15,Austrian,http://en.wikipedia.org/wiki/Alexander_Wurz
Scott Speed,1983-01-24,American,http://en.wikipedia.org/wiki/Scott_Speed
Christijan Albers,1979-04-16,Dutch,http://en.wikipedia.org/wiki/Christijan_Albers
Markus Winkelhock,1980-06-13,German,http://en.wikipedia.org/wiki/Markus_Winkelhock
Sakon Yamamoto,1982-07-09,Japanese,http://en.wikipedia.org/wiki/Sakon_Yamamoto
Michael Schumacher,1969-01-03,German,http://en.wikipedia.org/wiki/Michael_Schumacher
Juan Pablo Montoya,1975-09-20,Colombian,http://en.wikipedia.org/wiki/Juan_Pablo_Montoya
Christian Klien,1983-02-07,Austrian,http://en.wikipedia.org/wiki/Christian_Klien
Tiago Monteiro,1976-07-24,Portuguese,http://en.wikipedia.org/wiki/Tiago_Monteiro
Yuji Ide,1975-01-21,Japanese,http://en.wikipedia.org/wiki/Yuji_Ide
Jacques Villeneuve,1971-04-09,Canadian,http://en.wikipedia.org/wiki/Jacques_Villeneuve
Franck Montagny,1978-01-05,French,http://en.wikipedia.org/wiki/Franck_Montagny
Pedro de la Rosa,1971-02-24,Spanish,http://en.wikipedia.org/wiki/Pedro_de_la_Rosa
Robert Doornbos,1981-09-23,Dutch,http://en.wikipedia.org/wiki/Robert_Doornbos
Narain Karthikeyan,1977-01-14,Indian,http://en.wikipedia.org/wiki/Narain_Karthikeyan
Patrick Friesacher,1980-09-26,Austrian,http://en.wikipedia.org/wiki/Patrick_Friesacher
Ricardo Zonta,1976-03-23,Brazilian,http://en.wikipedia.org/wiki/Ricardo_Zonta
Antônio Pizzonia,1980-09-11,Brazilian,http://en.wikipedia.org/wiki/Ant%C3%B4nio_Pizzonia
Cristiano da Matta,1973-09-19,Brazilian,http://en.wikipedia.org/wiki/Cristiano_da_Matta
Olivier Panis,1966-09-02,French,http://en.wikipedia.org/wiki/Olivier_Panis
Giorgio Pantano,1979-02-04,Italian,http://en.wikipedia.org/wiki/Giorgio_Pantano
Gianmaria Bruni,1981-05-30,Italian,http://en.wikipedia.org/wiki/Gianmaria_Bruni
Zsolt Baumgartner,1981-01-01,Hungarian,http://en.wikipedia.org/wiki/Zsolt_Baumgartner
Marc Gené,1974-03-29,Spanish,http://en.wikipedia.org/wiki/Marc_Gen%C3%A9
Heinz-Harald Frentzen,1967-05-18,German,http://en.wikipedia.org/wiki/Heinz-Harald_Frentzen
Jos Verstappen,1972-03-04,Dutch,http://en.wikipedia.org/wiki/Jos_Verstappen
Justin Wilson,1978-07-31,British,http://en.wikipedia.org/wiki/Justin_Wilson_(racing_driver)
Ralph Firman,1975-05-20,Irish,http://en.wikipedia.org/wiki/Ralph_Firman
Nicolas Kiesa,1978-03-03,Danish,http://en.wikipedia.org/wiki/Nicolas_Kiesa
Luciano Burti,1975-03-05,Brazilian,http://en.wikipedia.org/wiki/Luciano_Burti
Jean Alesi,1964-06-11,French,http://en.wikipedia.org/wiki/Jean_Alesi
Eddie Irvine,1965-11-10,British,http://en.wikipedia.org/wiki/Eddie_Irvine
Mika Häkkinen,1968-09-28,Finnish,http://en.wikipedia.org/wiki/Mika_H%C3%A4kkinen
Tarso Marques,1976-01-19,Brazilian,http://en.wikipedia.org/wiki/Tarso_Marques
Enrique Bernoldi,1978-10-19,Brazilian,http://en.wikipedia.org/wiki/Enrique_Bernoldi
Gastón Mazzacane,1975-05-08,Argentine,http://en.wikipedia.org/wiki/Gast%C3%B3n_Mazzacane
Tomáš Enge,1976-09-11,Czech,http://en.wikipedia.org/wiki/Tom%C3%A1%C5%A1_Enge
Alex Yoong,1976-07-20,Malaysian,http://en.wikipedia.org/wiki/Alex_Yoong
Mika Salo,1966-11-30,Finnish,http://en.wikipedia.org/wiki/Mika_Salo
Pedro Diniz,1970-05-22,Brazilian,http://en.wikipedia.org/wiki/Pedro_Diniz
Johnny Herbert,1964-06-25,British,http://en.wikipedia.org/wiki/Johnny_Herbert
Allan McNish,1969-12-29,British,http://en.wikipedia.org/wiki/Allan_McNish
Sébastien Buemi,1988-10-31,Swiss,http://en.wikipedia.org/wiki/S%C3%A9bastien_Buemi
Toranosuke Takagi,1974-02-12,Japanese,http://en.wikipedia.org/wiki/Toranosuke_Takagi
Luca Badoer,1971-01-25,Italian,http://en.wikipedia.org/wiki/Luca_Badoer
Alessandro Zanardi,1966-10-23,Italian,http://en.wikipedia.org/wiki/Alex_Zanardi
Damon Hill,1960-09-17,British,http://en.wikipedia.org/wiki/Damon_Hill
Stéphane Sarrazin,1975-11-02,French,http://en.wikipedia.org/wiki/St%C3%A9phane_Sarrazin
Ricardo Rosset,1968-07-27,Brazilian,http://en.wikipedia.org/wiki/Ricardo_Rosset
Esteban Tuero,1978-04-22,Argentine,http://en.wikipedia.org/wiki/Esteban_Tuero
Shinji Nakano,1971-04-01,Japanese,http://en.wikipedia.org/wiki/Shinji_Nakano
Jan Magnussen,1973-07-04,Danish,http://en.wikipedia.org/wiki/Jan_Magnussen
Gerhard Berger,1959-08-27,Austrian,http://en.wikipedia.org/wiki/Gerhard_Berger
Nicola Larini,1964-03-19,Italian,http://en.wikipedia.org/wiki/Nicola_Larini
Ukyo Katayama,1963-05-29,Japanese,http://en.wikipedia.org/wiki/Ukyo_Katayama
Vincenzo Sospiri,1966-10-07,Italian,http://en.wikipedia.org/wiki/Vincenzo_Sospiri
Gianni Morbidelli,1968-01-13,Italian,http://en.wikipedia.org/wiki/Gianni_Morbidelli
Norberto Fontana,1975-01-20,Argentine,http://en.wikipedia.org/wiki/Norberto_Fontana
Pedro Lamy,1972-03-20,Portuguese,http://en.wikipedia.org/wiki/Pedro_Lamy
Martin Brundle,1959-06-01,British,http://en.wikipedia.org/wiki/Martin_Brundle
Andrea Montermini,1964-05-30,Italian,http://en.wikipedia.org/wiki/Andrea_Montermini
Giovanni Lavaggi,1958-02-18,Italian,http://en.wikipedia.org/wiki/Giovanni_Lavaggi
Mark Blundell,1966-04-08,British,http://en.wikipedia.org/wiki/Mark_Blundell
Aguri Suzuki,1960-09-08,Japanese,http://en.wikipedia.org/wiki/Aguri_Suzuki
Taki Inoue,1963-09-05,Japanese,http://en.wikipedia.org/wiki/Taki_Inoue
Roberto Moreno,1959-02-11,Brazilian,http://en.wikipedia.org/wiki/Roberto_Moreno
Karl Wendlinger,1968-12-20,Austrian,http://en.wikipedia.org/wiki/Karl_Wendlinger
Bertrand Gachot,1962-12-23,Belgian,http://en.wikipedia.org/wiki/Bertrand_Gachot
Domenico Schiattarella,1967-11-17,Italian,http://en.wikipedia.org/wiki/Domenico_Schiattarella
Pierluigi Martini,1961-04-23,Italian,http://en.wikipedia.org/wiki/Pierluigi_Martini
Nigel Mansell,1953-08-08,British,http://en.wikipedia.org/wiki/Nigel_Mansell
Jean-Christophe Boullion,1969-12-27,French,http://en.wikipedia.org/wiki/Jean-Christophe_Boullion
Massimiliano Papis,1969-10-03,Italian,http://en.wikipedia.org/wiki/Massimiliano_Papis
Jean-Denis Délétraz,1963-10-01,Swiss,http://en.wikipedia.org/wiki/Jean-Denis_Deletraz
Gabriele Tarquini,1962-03-02,Italian,http://en.wikipedia.org/wiki/Gabriele_Tarquini
Érik Comas,1963-09-28,French,http://en.wikipedia.org/wiki/%C3%89rik_Comas
David Brabham,1965-09-05,Australian,http://en.wikipedia.org/wiki/David_Brabham
Ayrton Senna,1960-03-21,Brazilian,http://en.wikipedia.org/wiki/Ayrton_Senna
Éric Bernard,1964-08-24,French,http://en.wikipedia.org/wiki/%C3%89ric_Bernard
Christian Fittipaldi,1971-01-18,Brazilian,http://en.wikipedia.org/wiki/Christian_Fittipaldi
Michele Alboreto,1956-12-23,Italian,http://en.wikipedia.org/wiki/Michele_Alboreto
Olivier Beretta,1969-11-23,Monegasque,http://en.wikipedia.org/wiki/Olivier_Beretta
Roland Ratzenberger,1960-07-04,Austrian,http://en.wikipedia.org/wiki/Roland_Ratzenberger
Paul Belmondo,1963-04-23,French,http://en.wikipedia.org/wiki/Paul_Belmondo
Jyrki Järvilehto,1966-01-31,Finnish,http://en.wikipedia.org/wiki/Jyrki_J%C3%A4rvilehto
Andrea de Cesaris,1959-05-31,Italian,http://en.wikipedia.org/wiki/Andrea_de_Cesaris
Jean-Marc Gounon,1963-01-01,French,http://en.wikipedia.org/wiki/Jean-Marc_Gounon
Philippe Alliot,1954-07-27,French,http://en.wikipedia.org/wiki/Philippe_Alliot
Philippe Adams,1969-11-19,Belgian,http://en.wikipedia.org/wiki/Philippe_Adams
Yannick Dalmas,1961-07-28,French,http://en.wikipedia.org/wiki/Yannick_Dalmas
Hideki Noda,1969-03-07,Japanese,http://en.wikipedia.org/wiki/Hideki_Noda
Franck Lagorce,1968-09-01,French,http://en.wikipedia.org/wiki/Franck_Lagorce
Alain Prost,1955-02-24,French,http://en.wikipedia.org/wiki/Alain_Prost
Derek Warwick,1954-08-27,British,http://en.wikipedia.org/wiki/Derek_Warwick
Riccardo Patrese,1954-04-17,Italian,http://en.wikipedia.org/wiki/Riccardo_Patrese
Fabrizio Barbazza,1963-04-02,Italian,http://en.wikipedia.org/wiki/Fabrizio_Barbazza
Michael Andretti,1962-10-05,American,http://en.wikipedia.org/wiki/Michael_Andretti
Ivan Capelli,1963-05-24,Italian,http://en.wikipedia.org/wiki/Ivan_Capelli
Thierry Boutsen,1957-07-13,Belgian,http://en.wikipedia.org/wiki/Thierry_Boutsen
Marco Apicella,1965-10-07,Italian,http://en.wikipedia.org/wiki/Marco_Apicella
Emanuele Naspetti,1968-02-24,Italian,http://en.wikipedia.org/wiki/Emanuele_Naspetti
Toshio Suzuki,1955-03-10,Japanese,http://en.wikipedia.org/wiki/Toshio_Suzuki_(driver)
Maurício Gugelmin,1963-04-20,Brazilian,http://en.wikipedia.org/wiki/Maur%C3%ADcio_Gugelmin
Eric van de Poele,1961-09-30,Belgian,http://en.wikipedia.org/wiki/Eric_van_de_Poele
Olivier Grouillard,1958-09-02,French,http://en.wikipedia.org/wiki/Olivier_Grouillard
Andrea Chiesa,1964-05-06,Swiss,http://en.wikipedia.org/wiki/Andrea_Chiesa
Stefano Modena,1963-05-12,Italian,http://en.wikipedia.org/wiki/Stefano_Modena
Giovanna Amati,1959-07-20,Italian,http://en.wikipedia.org/wiki/Giovanna_Amati
Alex Caffi,1964-03-18,Italian,http://en.wikipedia.org/wiki/Alex_Caffi
Enrico Bertaggia,1964-09-19,Italian,http://en.wikipedia.org/wiki/Enrico_Bertaggia
Perry McCarthy,1961-03-03,British,http://en.wikipedia.org/wiki/Perry_McCarthy
Jan Lammers,1956-06-02,Dutch,http://en.wikipedia.org/wiki/Jan_Lammers
Nelson Piquet,1952-08-17,Brazilian,http://en.wikipedia.org/wiki/Nelson_Piquet
Satoru Nakajima,1953-02-23,Japanese,http://en.wikipedia.org/wiki/Satoru_Nakajima
Emanuele Pirro,1962-01-12,Italian,http://en.wikipedia.org/wiki/Emanuele_Pirro
Stefan Johansson,1956-09-08,Swedish,http://en.wikipedia.org/wiki/Stefan_Johansson
Julian Bailey,1961-10-09,British,http://en.wikipedia.org/wiki/Julian_Bailey
Pedro Chaves,1965-02-27,Portuguese,http://en.wikipedia.org/wiki/Pedro_Chaves
Michael Bartels,1968-03-08,German,http://en.wikipedia.org/wiki/Michael_Bartels
Naoki Hattori,1966-06-13,Japanese,http://en.wikipedia.org/wiki/Naoki_Hattori
Alessandro Nannini,1959-07-07,Italian,http://en.wikipedia.org/wiki/Alessandro_Nannini
Bernd Schneider,1964-07-20,German,http://en.wikipedia.org/wiki/Bernd_Schneider_(racecar_driver)
Paolo Barilla,1961-04-20,Italian,http://en.wikipedia.org/wiki/Paolo_Barilla
Gregor Foitek,1965-03-27,Swiss,http://en.wikipedia.org/wiki/Gregor_Foitek
Claudio Langes,1960-07-20,Italian,http://en.wikipedia.org/wiki/Claudio_Langes
Gary Brabham,1961-03-29,Australian,http://en.wikipedia.org/wiki/Gary_Brabham
Martin Donnelly,1964-03-26,British,http://en.wikipedia.org/wiki/Martin_Donnelly_(racing_driver)
Bruno Giacomelli,1952-09-10,Italian,http://en.wikipedia.org/wiki/Bruno_Giacomelli
Jaime Alguersuari,1990-03-23,Spanish,http://en.wikipedia.org/wiki/Jaime_Alguersuari
Romain Grosjean,1986-04-17,French,http://en.wikipedia.org/wiki/Romain_Grosjean
Kamui Kobayashi,1986-09-13,Japanese,http://en.wikipedia.org/wiki/Kamui_Kobayashi
Jonathan Palmer,1956-11-07,British,http://en.wikipedia.org/wiki/Jonathan_Palmer
Christian Danner,1958-04-04,German,http://en.wikipedia.org/wiki/Christian_Danner
Eddie Cheever,1958-01-10,American,http://en.wikipedia.org/wiki/Eddie_Cheever
Luis Pérez-Sala,1959-05-15,Spanish,http://en.wikipedia.org/wiki/Luis_Perez-Sala
Piercarlo Ghinzani,1952-01-16,Italian,http://en.wikipedia.org/wiki/Piercarlo_Ghinzani
Volker Weidler,1962-03-18,German,http://en.wikipedia.org/wiki/Volker_Weidler
Pierre-Henri Raphanel,1961-05-27,French,http://en.wikipedia.org/wiki/Pierre-Henri_Raphanel
René Arnoux,1948-07-04,French,http://en.wikipedia.org/wiki/Ren%C3%A9_Arnoux
Joachim Winkelhock,1960-10-24,German,http://en.wikipedia.org/wiki/Joachim_Winkelhock
Oscar Larrauri,1954-08-19,Argentine,http://en.wikipedia.org/wiki/Oscar_Larrauri
Philippe Streiff,1955-06-26,French,http://en.wikipedia.org/wiki/Philippe_Streiff
Adrián Campos,1960-06-17,Spanish,http://en.wikipedia.org/wiki/Adri%C3%A1n_Campos
Jean-Louis Schlesser,1948-09-12,French,http://en.wikipedia.org/wiki/Jean-Louis_Schlesser
Pascal Fabre,1960-01-09,French,http://en.wikipedia.org/wiki/Pascal_Fabre
Teo Fabi,1955-03-09,Italian,http://en.wikipedia.org/wiki/Teo_Fabi
Franco Forini,1958-09-22,Swiss,http://en.wikipedia.org/wiki/Franco_Forini
Jacques Laffite,1943-11-21,French,http://en.wikipedia.org/wiki/Jacques_Laffite
Elio de Angelis,1958-03-26,Italian,http://en.wikipedia.org/wiki/Elio_de_Angelis
Johnny Dumfries,1958-04-26,British,http://en.wikipedia.org/wiki/Johnny_Dumfries
Patrick Tambay,1949-06-25,French,http://en.wikipedia.org/wiki/Patrick_Tambay
Marc Surer,1951-09-18,Swiss,http://en.wikipedia.org/wiki/Marc_Surer
Keke Rosberg,1948-12-06,Finnish,http://en.wikipedia.org/wiki/Keke_Rosberg
Alan Jones,1946-11-02,Australian,http://en.wikipedia.org/wiki/Alan_Jones_(Formula_1)
Huub Rothengatter,1954-10-08,Dutch,http://en.wikipedia.org/wiki/Huub_Rothengatter
Allen Berg,1961-08-01,Canadian,http://en.wikipedia.org/wiki/Allen_Berg
Manfred Winkelhock,1951-10-06,German,http://en.wikipedia.org/wiki/Manfred_Winkelhock
Niki Lauda,1949-02-22,Austrian,http://en.wikipedia.org/wiki/Niki_Lauda
François Hesnault,1956-12-30,French,http://en.wikipedia.org/wiki/Fran%C3%A7ois_Hesnault
Mauro Baldi,1954-01-31,Italian,http://en.wikipedia.org/wiki/Mauro_Baldi
Stefan Bellof,1957-11-20,German,http://en.wikipedia.org/wiki/Stefan_Bellof
Kenny Acheson,1957-11-27,British,http://en.wikipedia.org/wiki/Kenny_Acheson
John Watson,1946-05-04,British,http://en.wikipedia.org/wiki/John_Watson_(racing_driver)
Johnny Cecotto,1956-01-25,Venezuelan,http://en.wikipedia.org/wiki/Johnny_Cecotto
Jo Gartner,1954-01-24,Austrian,http://en.wikipedia.org/wiki/Jo_Gartner
Corrado Fabi,1961-04-12,Italian,http://en.wikipedia.org/wiki/Corrado_Fabi
Mike Thackwell,1961-03-30,New Zealander,http://en.wikipedia.org/wiki/Mike_Thackwell
Chico Serra,1957-02-03,Brazilian,http://en.wikipedia.org/wiki/Chico_Serra
Danny Sullivan,1950-03-09,American,http://en.wikipedia.org/wiki/Danny_Sullivan
Eliseo Salazar,1954-11-14,Chilean,http://en.wikipedia.org/wiki/Eliseo_Salazar
Roberto Guerrero,1958-11-16,Colombian,http://en.wikipedia.org/wiki/Roberto_Guerrero
Raul Boesel,1957-12-04,Brazilian,http://en.wikipedia.org/wiki/Raul_Boesel
Jean-Pierre Jarier,1946-07-10,French,http://en.wikipedia.org/wiki/Jean-Pierre_Jarier
Jacques Villeneuve Sr.,1953-11-04,Canadian,http://en.wikipedia.org/wiki/Jacques_Villeneuve_(elder)
Carlos Reutemann,1942-04-12,Argentine,http://en.wikipedia.org/wiki/Carlos_Reutemann
Jochen Mass,1946-09-30,German,http://en.wikipedia.org/wiki/Jochen_Mass
Slim Borgudd,1946-11-25,Swedish,http://en.wikipedia.org/wiki/Slim_Borgudd
Didier Pironi,1952-03-26,French,http://en.wikipedia.org/wiki/Didier_Pironi
Gilles Villeneuve,1950-01-18,Canadian,http://en.wikipedia.org/wiki/Gilles_Villeneuve
Riccardo Paletti,1958-06-15,Italian,http://en.wikipedia.org/wiki/Riccardo_Paletti
Brian Henton,1946-09-19,British,http://en.wikipedia.org/wiki/Brian_Henton
Derek Daly,1953-03-11,Irish,http://en.wikipedia.org/wiki/Derek_Daly
Mario Andretti,1940-02-28,American,http://en.wikipedia.org/wiki/Mario_Andretti
Emilio de Villota,1946-07-26,Spanish,http://en.wikipedia.org/wiki/Emilio_de_Villota
Geoff Lees,1951-05-01,British,http://en.wikipedia.org/wiki/Geoff_Lees
Tommy Byrne,1958-05-06,Irish,http://en.wikipedia.org/wiki/Tommy_Byrne_%28racing_driver%29
Rupert Keegan,1955-02-26,British,http://en.wikipedia.org/wiki/Rupert_Keegan
Hector Rebaque,1956-02-05,Mexican,http://en.wikipedia.org/wiki/Hector_Rebaque
Beppe Gabbiani,1957-01-02,Italian,http://en.wikipedia.org/wiki/Beppe_Gabbiani
Kevin Cogan,1956-03-31,American,http://en.wikipedia.org/wiki/Kevin_Cogan
Miguel Ángel Guerra,1953-08-31,Argentine,http://en.wikipedia.org/wiki/Miguel_Angel_Guerra
Siegfried Stohr,1952-10-10,Italian,http://en.wikipedia.org/wiki/Siegfried_Stohr
Ricardo Zunino,1949-04-13,Argentine,http://en.wikipedia.org/wiki/Ricardo_Zunino
Ricardo Londoño,1949-08-08,Colombian,http://en.wikipedia.org/wiki/Ricardo_Londo%C3%B1o
Jean-Pierre Jabouille,1942-10-01,French,http://en.wikipedia.org/wiki/Jean-Pierre_Jabouille
Giorgio Francia,1947-11-08,Italian,http://en.wikipedia.org/wiki/Giorgio_Francia
Patrick Depailler,1944-08-09,French,http://en.wikipedia.org/wiki/Patrick_Depailler
Jody Scheckter,1950-01-29,South African,http://en.wikipedia.org/wiki/Jody_Scheckter
Clay Regazzoni,1939-09-05,Swiss,http://en.wikipedia.org/wiki/Clay_Regazzoni
Emerson Fittipaldi,1946-12-12,Brazilian,http://en.wikipedia.org/wiki/Emerson_Fittipaldi
Dave Kennedy,1953-01-15,Irish,http://en.wikipedia.org/wiki/David_Kennedy_(racing_driver)
Stephen South,1952-02-19,British,http://en.wikipedia.org/wiki/Stephen_South
Tiff Needell,1951-10-29,British,http://en.wikipedia.org/wiki/Tiff_Needell
Desiré Wilson,1953-11-26,South African,http://en.wikipedia.org/wiki/Desir%C3%A9_Wilson
Harald Ertl,1948-08-31,Austrian,http://en.wikipedia.org/wiki/Harald_Ertl
Vittorio Brambilla,1937-11-11,Italian,http://en.wikipedia.org/wiki/Vittorio_Brambilla
James Hunt,1947-08-29,British,http://en.wikipedia.org/wiki/James_Hunt
Arturo Merzario,1943-03-11,Italian,http://en.wikipedia.org/wiki/Arturo_Merzario
Hans-Joachim Stuck,1951-01-01,German,http://en.wikipedia.org/wiki/Hans_Joachim_Stuck
Gianfranco Brancatelli,1950-01-18,Italian,http://en.wikipedia.org/wiki/Gianfranco_Brancatelli
Jacky Ickx,1945-01-01,Belgian,http://en.wikipedia.org/wiki/Jacky_Ickx
Patrick Gaillard,1952-02-12,French,http://en.wikipedia.org/wiki/Patrick_Gaillard
Alex Ribeiro,1948-11-07,Brazilian,http://en.wikipedia.org/wiki/Alex_Ribeiro
Ronnie Peterson,1944-02-14,Swedish,http://en.wikipedia.org/wiki/Ronnie_Peterson
Brett Lunger,1945-11-14,American,http://en.wikipedia.org/wiki/Brett_Lunger
Danny Ongais,1942-05-21,American,http://en.wikipedia.org/wiki/Danny_Ongais
Lamberto Leoni,1953-05-24,Italian,http://en.wikipedia.org/wiki/Lamberto_Leoni
Divina Galica,1944-08-13,British,http://en.wikipedia.org/wiki/Divina_Galica
Rolf Stommelen,1943-07-11,German,http://en.wikipedia.org/wiki/Rolf_Stommelen
Alberto Colombo,1946-02-23,Italian,http://en.wikipedia.org/wiki/Alberto_Colombo
Tony Trimmer,1943-01-24,British,http://en.wikipedia.org/wiki/Tony_Trimmer
Hans Binder,1948-06-12,Austrian,http://en.wikipedia.org/wiki/Hans_Binder
Michael Bleekemolen,1949-10-02,Dutch,http://en.wikipedia.org/wiki/Michael_Bleekemolen
Carlo Franchi,1938-01-01,Italian,http://en.wikipedia.org/wiki/Gimax
Bobby Rahal,1953-01-10,American,http://en.wikipedia.org/wiki/Bobby_Rahal
Carlos Pace,1944-10-06,Brazilian,http://en.wikipedia.org/wiki/Carlos_Pace
Ian Scheckter,1947-08-22,South African,http://en.wikipedia.org/wiki/Ian_Scheckter
Tom Pryce,1949-06-11,British,http://en.wikipedia.org/wiki/Tom_Pryce
Ingo Hoffmann,1953-02-28,Brazilian,http://en.wikipedia.org/wiki/Ingo_Hoffmann
Renzo Zorzi,1946-12-12,Italian,http://en.wikipedia.org/wiki/Renzo_Zorzi
Gunnar Nilsson,1948-11-20,Swedish,http://en.wikipedia.org/wiki/Gunnar_Nilsson
Larry Perkins,1950-03-18,Australian,http://en.wikipedia.org/wiki/Larry_Perkins
Boy Lunger,1949-05-03,Dutch,http://en.wikipedia.org/wiki/Boy_Hayje
Patrick Nève,1949-10-13,Belgian,http://en.wikipedia.org/wiki/Patrick_Neve
David Purley,1945-01-26,British,http://en.wikipedia.org/wiki/David_Purley
Conny Andersson,1939-12-28,Swedish,http://en.wikipedia.org/wiki/Conny_Andersson_(racing_driver)
Bernard de Dryver,1952-09-19,Belgian,http://en.wikipedia.org/wiki/Bernard_de_Dryver
Jackie Oliver,1942-08-14,British,http://en.wikipedia.org/wiki/Jackie_Oliver
Mikko Kozarowitzky,1948-05-17,Finnish,http://en.wikipedia.org/wiki/Mikko_Kozarowitzky
Andy Sutcliffe,1947-05-09,British,http://en.wikipedia.org/wiki/Andy_Sutcliffe
Guy Edwards,1942-12-30,British,http://en.wikipedia.org/wiki/Guy_Edwards
Brian McGuire,1945-12-13,Australian,http://en.wikipedia.org/wiki/Brian_McGuire
Vern Schuppan,1943-03-19,Australian,http://en.wikipedia.org/wiki/Vern_Schuppan
Hans Heyer,1943-03-16,German,http://en.wikipedia.org/wiki/Hans_Heyer
Teddy Pilette,1942-07-26,Belgian,http://en.wikipedia.org/wiki/Teddy_Pilette
Ian Ashley,1947-10-26,British,http://en.wikipedia.org/wiki/Ian_Ashley
Loris Kessel,1950-04-01,Swiss,http://en.wikipedia.org/wiki/Loris_Kessel
Kunimitsu Takahashi,1940-01-29,Japanese,http://en.wikipedia.org/wiki/Kunimitsu_Takahashi
Kazuyoshi Hoshino,1947-07-01,Japanese,http://en.wikipedia.org/wiki/Kazuyoshi_Hoshino
Noritake Takahara,1951-06-06,Japanese,http://en.wikipedia.org/wiki/Noritake_Takahara
Lella Lombardi,1941-03-26,Italian,http://en.wikipedia.org/wiki/Lella_Lombardi
Bob Evans,1947-06-11,British,http://en.wikipedia.org/wiki/Bob_Evans_(race_driver)
Michel Leclère,1946-03-18,French,http://en.wikipedia.org/wiki/Michel_Lecl%C3%A8re
Chris Amon,1943-07-20,New Zealander,http://en.wikipedia.org/wiki/Chris_Amon
Emilio Zapico,1944-05-27,Spanish,http://en.wikipedia.org/wiki/Emilio_Zapico
Henri Pescarolo,1942-09-25,French,http://en.wikipedia.org/wiki/Henri_Pescarolo
Jac Nelleman,1944-04-19,Danish,http://en.wikipedia.org/wiki/Jac_Nelleman
Damien Magee,1945-11-17,British,http://en.wikipedia.org/wiki/Damien_Magee
Mike Wilds,1946-01-07,British,http://en.wikipedia.org/wiki/Mike_Wilds
Alessandro Pesenti-Rossi,1942-08-31,Italian,http://en.wikipedia.org/wiki/Alessandro_Pesenti-Rossi
Otto Stuppacher,1947-03-03,Austrian,http://en.wikipedia.org/wiki/Otto_Stuppacher
Warwick Brown,1949-12-24,Australian,http://en.wikipedia.org/wiki/Warwick_Brown
Masahiro Hasemi,1945-11-13,Japanese,http://en.wikipedia.org/wiki/Masahiro_Hasemi
Mark Donohue,1937-03-18,American,http://en.wikipedia.org/wiki/Mark_Donohue
Graham Hill,1929-02-15,British,http://en.wikipedia.org/wiki/Graham_Hill
Wilson Fittipaldi,1943-12-25,Brazilian,http://en.wikipedia.org/wiki/Wilson_Fittipaldi
Guy Tunmer,1948-12-01,South African,http://en.wikipedia.org/wiki/Guy_Tunmer
Eddie Keizan,1944-09-12,South African,http://en.wikipedia.org/wiki/Eddie_Keizan
Dave Charlton,1936-10-27,South African,http://en.wikipedia.org/wiki/Dave_Charlton
Tony Brise,1952-03-28,British,http://en.wikipedia.org/wiki/Tony_Brise
Roelof Wunderink,1948-12-12,Dutch,http://en.wikipedia.org/wiki/Roelof_Wunderink
François Migault,1944-12-04,French,http://en.wikipedia.org/wiki/Fran%C3%A7ois_Migault
Torsten Palm,1947-07-23,Swedish,http://en.wikipedia.org/wiki/Torsten_Palm
Gijs van Lennep,1942-03-16,Dutch,http://en.wikipedia.org/wiki/Gijs_Van_Lennep
Hiroshi Fushida,1946-03-10,Japanese,http://en.wikipedia.org/wiki/Hiroshi_Fushida
John Nicholson,1941-10-06,New Zealander,http://en.wikipedia.org/wiki/John_Nicholson_(racing_driver)
Dave Morgan,1944-08-07,British,http://en.wikipedia.org/wiki/Dave_Morgan_(racing_driver)
Jim Crawford,1948-02-13,British,http://en.wikipedia.org/wiki/Jim_Crawford_(driver)
Jo Vonlanthen,1942-05-31,Swiss,http://en.wikipedia.org/wiki/Jo_Vonlanthen
Denny Hulme,1936-06-18,New Zealander,http://en.wikipedia.org/wiki/Denny_Hulme
Mike Hailwood,1940-04-02,British,http://en.wikipedia.org/wiki/Mike_Hailwood
Jean-Pierre Beltoise,1937-04-26,French,http://en.wikipedia.org/wiki/Jean-Pierre_Beltoise
Howden Ganley,1941-12-24,New Zealander,http://en.wikipedia.org/wiki/Howden_Ganley
Richard Robarts,1944-09-22,British,http://en.wikipedia.org/wiki/Richard_Robarts
Peter Revson,1939-02-27,American,http://en.wikipedia.org/wiki/Peter_Revson
Paddy Driver,1934-05-13,South African,http://en.wikipedia.org/wiki/Paddy_Driver
Tom Belsø,1942-08-27,Danish,http://en.wikipedia.org/wiki/Tom_Bels%C3%B8
Brian Redman,1937-03-09,British,http://en.wikipedia.org/wiki/Brian_Redman
Rikky von Opel,1947-10-14,Liechtensteiner,http://en.wikipedia.org/wiki/Rikky_von_Opel
Tim Schenken,1943-09-26,Australian,http://en.wikipedia.org/wiki/Tim_Schenken
Gérard Larrousse,1940-05-23,French,http://en.wikipedia.org/wiki/G%C3%A9rard_Larrousse
Leo Kinnunen,1943-08-05,Finnish,http://en.wikipedia.org/wiki/Leo_Kinnunen
Reine Wisell,1941-09-30,Swedish,http://en.wikipedia.org/wiki/Reine_Wisell
Bertil Roos,1943-10-12,Swedish,http://en.wikipedia.org/wiki/Bertil_Roos
José Dolhem,1944-04-26,French,http://en.wikipedia.org/wiki/Jos%C3%A9_Dolhem
Peter Gethin,1940-02-21,British,http://en.wikipedia.org/wiki/Peter_Gethin
Derek Bell,1941-10-31,British,http://en.wikipedia.org/wiki/Derek_Bell_(auto_racer)
David Hobbs,1939-06-09,British,http://en.wikipedia.org/wiki/David_Hobbs_(racing_driver)
Dieter Quester,1939-05-30,Austrian,http://en.wikipedia.org/wiki/Dieter_Quester
Helmuth Koinigg,1948-11-03,Austrian,http://en.wikipedia.org/wiki/Helmuth_Koinigg
Carlo Facetti,1935-06-26,Italian,http://en.wikipedia.org/wiki/Carlo_Facetti
Eppie Wietzes,1938-05-28,Canadian,http://en.wikipedia.org/wiki/Eppie_Wietzes
François Cevert,1944-02-25,French,http://en.wikipedia.org/wiki/Fran%C3%A7ois_Cevert
Jackie Stewart,1939-06-11,British,http://en.wikipedia.org/wiki/Jackie_Stewart
Mike Beuttler,1940-04-13,British,http://en.wikipedia.org/wiki/Mike_Beuttler
Nanni Galli,1940-10-02,Italian,http://en.wikipedia.org/wiki/Nanni_Galli
Luiz Bueno,1937-01-16,Brazilian,http://en.wikipedia.org/wiki/Luiz_Bueno
George Follmer,1934-01-27,American,http://en.wikipedia.org/wiki/George_Follmer
Andrea de Adamich,1941-10-03,Italian,http://en.wikipedia.org/wiki/Andrea_de_Adamich
Jackie Pretorius,1934-11-22,South African,http://en.wikipedia.org/wiki/Jackie_Pretorius
Roger Williamson,1948-02-02,British,http://en.wikipedia.org/wiki/Roger_Williamson
Graham McRae,1940-03-05,New Zealander,http://en.wikipedia.org/wiki/Graham_McRae
Helmut Marko,1943-04-27,Austrian,http://en.wikipedia.org/wiki/Helmut_Marko
David Walker,1941-06-10,Australian,http://en.wikipedia.org/wiki/David_Walker_(racing_driver)
Alex Soler-Roig,1932-10-29,Spanish,http://en.wikipedia.org/wiki/Alex_Soler-Roig
John Love,1924-12-07,Rhodesian,http://en.wikipedia.org/wiki/John_Love_(racing_driver)
John Surtees,1934-02-11,British,http://en.wikipedia.org/wiki/John_Surtees
Skip Barber,1936-11-16,American,http://en.wikipedia.org/wiki/Skip_Barber
Bill Brack,1935-12-26,Canadian,http://en.wikipedia.org/wiki/Bill_Brack
Sam Posey,1944-05-26,American,http://en.wikipedia.org/wiki/Sam_Posey
Pedro Rodríguez,1940-01-18,Mexican,http://en.wikipedia.org/wiki/Pedro_Rodr%C3%ADguez_(racing_driver)
Jo Siffert,1936-07-07,Swiss,http://en.wikipedia.org/wiki/Jo_Siffert
Jo Bonnier,1930-01-31,Swedish,http://en.wikipedia.org/wiki/Joakim_Bonnier
François Mazet,1943-02-24,French,http://en.wikipedia.org/wiki/Fran%C3%A7ois_Mazet
Max Jean,1943-07-27,French,http://en.wikipedia.org/wiki/Max_Jean
Vic Elford,1935-06-10,British,http://en.wikipedia.org/wiki/Vic_Elford
Silvio Moser,1941-04-24,Swiss,http://en.wikipedia.org/wiki/Silvio_Moser
George Eaton,1945-11-12,Canadian,http://en.wikipedia.org/wiki/George_Eaton
Pete Lovely,1926-04-11,American,http://en.wikipedia.org/wiki/Pete_Lovely
Chris Craft,1939-11-17,British,http://en.wikipedia.org/wiki/Chris_Craft_(racing_driver)
John Cannon,1933-06-21,Canadian,http://en.wikipedia.org/wiki/John_Cannon_(auto_racer)
Jack Brabham,1926-04-02,Australian,http://en.wikipedia.org/wiki/Jack_Brabham
John Miles,1943-06-14,British,http://en.wikipedia.org/wiki/John_Miles_(auto_racer)
Jochen Rindt,1942-04-18,Austrian,http://en.wikipedia.org/wiki/Jochen_Rindt
Johnny Servoz-Gavin,1942-01-18,French,http://en.wikipedia.org/wiki/Johnny_Servoz-Gavin
Bruce McLaren,1937-08-30,New Zealander,http://en.wikipedia.org/wiki/Bruce_McLaren
Piers Courage,1942-05-27,British,http://en.wikipedia.org/wiki/Piers_Courage
Peter de Klerk,1935-03-16,South African,http://en.wikipedia.org/wiki/Peter_de_Klerk
Ignazio Giunti,1941-08-30,Italian,http://en.wikipedia.org/wiki/Ignazio_Giunti
Dan Gurney,1931-04-13,American,http://en.wikipedia.org/wiki/Dan_Gurney
Hubert Hahne,1935-03-28,German,http://en.wikipedia.org/wiki/Hubert_Hahne
Gus Hutchison,1937-04-26,American,http://en.wikipedia.org/wiki/Gus_Hutchison
Peter Westbury,1938-05-26,British,http://en.wikipedia.org/wiki/Peter_Westbury
Sam Tingle,1921-08-24,Rhodesian,http://en.wikipedia.org/wiki/Sam_Tingle
Basil van Rooyen,1939-04-19,South African,http://en.wikipedia.org/wiki/Basil_van_Rooyen
Richard Attwood,1940-04-04,British,http://en.wikipedia.org/wiki/Richard_Attwood
Al Pease,1921-10-15,Canadian,http://en.wikipedia.org/wiki/Al_Pease
John Cordts,1935-07-23,Canadian,http://en.wikipedia.org/wiki/John_Cordts
Jim Clark,1936-03-04,British,http://en.wikipedia.org/wiki/Jim_Clark
Mike Spence,1936-12-30,British,http://en.wikipedia.org/wiki/Mike_Spence
Ludovico Scarfiotti,1933-10-18,Italian,http://en.wikipedia.org/wiki/Ludovico_Scarfiotti
Lucien Bianchi,1934-11-10,Belgian,http://en.wikipedia.org/wiki/Lucien_Bianchi
Jo Schlesser,1928-05-18,French,http://en.wikipedia.org/wiki/Jo_Schlesser
Robin Widdows,1942-05-27,British,http://en.wikipedia.org/wiki/Robin_Widdows
Kurt Ahrens,1940-04-19,German,"http://en.wikipedia.org/wiki/Kurt_Ahrens,_Jr."
Frank Gardner,1930-10-01,Australian,http://en.wikipedia.org/wiki/Frank_Gardner_(driver)
Bobby Unser,1934-02-20,American,http://en.wikipedia.org/wiki/Bobby_Unser
Moisés Solana,1935-12-26,Mexican,http://en.wikipedia.org/wiki/Mois%C3%A9s_Solana
Bob Anderson,1931-05-19,British,http://en.wikipedia.org/wiki/Bob_Anderson_(racing_driver)
Luki Botha,1930-01-16,South African,http://en.wikipedia.org/wiki/Luki_Botha
Lorenzo Bandini,1935-12-21,Italian,http://en.wikipedia.org/wiki/Lorenzo_Bandini
Richie Ginther,1930-08-05,American,http://en.wikipedia.org/wiki/Richie_Ginther
Mike Parkes,1931-09-24,British,http://en.wikipedia.org/wiki/Mike_Parkes
Chris Irwin,1942-06-27,British,http://en.wikipedia.org/wiki/Chris_Irwin
Guy Ligier,1930-07-12,French,http://en.wikipedia.org/wiki/Guy_Ligier
Alan Rees,1938-01-12,British,http://en.wikipedia.org/wiki/Alan_Rees_(racing_driver)
Brian Hart,1936-09-07,British,http://en.wikipedia.org/wiki/Brian_Hart
Mike Fisher,1943-03-13,American,http://en.wikipedia.org/wiki/Mike_Fisher_(driver)
Tom Jones,1943-04-26,American,http://en.wikipedia.org/wiki/Tom_Jones_(auto_racer)
Giancarlo Baghetti,1934-12-25,Italian,http://en.wikipedia.org/wiki/Giancarlo_Baghetti
Jonathan Williams,1942-10-26,British,http://en.wikipedia.org/wiki/Jonathan_Williams_(racing_driver)
Bob Bondurant,1933-04-27,American,http://en.wikipedia.org/wiki/Bob_Bondurant
Peter Arundell,1933-11-08,British,http://en.wikipedia.org/wiki/Peter_Arundell
Vic Wilson,1931-04-14,British,http://en.wikipedia.org/wiki/Vic_Wilson_(motor_racing_driver)
John Taylor,1933-03-23,British,http://en.wikipedia.org/wiki/John_Taylor_(racer)
Chris Lawrence,1933-07-27,British,http://en.wikipedia.org/wiki/Chris_Lawrence_(racing_driver)
Trevor Taylor,1936-12-26,British,http://en.wikipedia.org/wiki/Trevor_Taylor
Giacomo Russo,1937-10-23,Italian,http://en.wikipedia.org/wiki/Geki_(driver)
Phil Hill,1927-04-20,American,http://en.wikipedia.org/wiki/Phil_Hill
Innes Ireland,1930-06-12,British,http://en.wikipedia.org/wiki/Innes_Ireland
Ronnie Bucknum,1936-04-05,American,http://en.wikipedia.org/wiki/Ronnie_Bucknum
Paul Hawkins,1937-10-12,Australian,http://en.wikipedia.org/wiki/Paul_Hawkins_(racing_driver)
David Prophet,1937-10-09,British,http://en.wikipedia.org/wiki/David_Prophet
Tony Maggs,1937-02-09,South African,http://en.wikipedia.org/wiki/Tony_Maggs
Trevor Blokdyk,1935-11-30,South African,http://en.wikipedia.org/wiki/Trevor_Blokdyk
Neville Lederle,1938-09-25,South African,http://en.wikipedia.org/wiki/Neville_Lederle
Doug Serrurier,1920-12-09,South African,http://en.wikipedia.org/wiki/Doug_Serrurier
Brausch Niemann,1939-01-07,South African,http://en.wikipedia.org/wiki/Brausch_Niemann
Ernie Pieterse,1938-07-04,South African,http://en.wikipedia.org/wiki/Ernie_Pieterse
Clive Puzey,1941-07-11,Rhodesian,http://en.wikipedia.org/wiki/Clive_Puzey
Ray Reed,1932-04-30,South African,http://en.wikipedia.org/wiki/Ray_Reed
David Clapham,1931-05-18,South African,http://en.wikipedia.org/wiki/David_Clapham
Alex Blignaut,1932-11-30,South African,http://en.wikipedia.org/wiki/Alex_Blignaut
Masten Gregory,1932-02-29,American,http://en.wikipedia.org/wiki/Masten_Gregory
John Rhodes,1927-08-18,British,http://en.wikipedia.org/wiki/John_Rhodes_(driver)
Ian Raby,1921-09-22,British,http://en.wikipedia.org/wiki/Ian_Raby
Alan Rollinson,1943-05-15,British,http://en.wikipedia.org/wiki/Alan_Rollinson
Brian Gubby,1934-04-17,British,http://en.wikipedia.org/wiki/Brian_Gubby
Gerhard Mitter,1935-08-30,German,http://en.wikipedia.org/wiki/Gerhard_Mitter
Roberto Bussinello,1927-10-04,Italian,http://en.wikipedia.org/wiki/Roberto_Bussinello
Nino Vaccarella,1933-03-04,Italian,http://en.wikipedia.org/wiki/Nino_Vaccarella
Giorgio Bassi,1934-01-20,Italian,http://en.wikipedia.org/wiki/Giorgio_Bassi
Maurice Trintignant,1917-10-30,French,http://en.wikipedia.org/wiki/Maurice_Trintignant
Bernard Collomb,1930-10-07,French,http://en.wikipedia.org/wiki/Bernard_Collomb
André Pilette,1918-10-06,Belgian,http://en.wikipedia.org/wiki/Andr%C3%A9_Pilette
Carel Godin de Beaufort,1934-04-10,Dutch,http://en.wikipedia.org/wiki/Carel_Godin_de_Beaufort
Edgar Barth,1917-01-26,German,http://en.wikipedia.org/wiki/Edgar_Barth
Mário de Araújo Cabral,1934-01-15,Portuguese,http://en.wikipedia.org/wiki/Mario_de_Araujo_Cabral
Walt Hansgen,1919-10-28,American,http://en.wikipedia.org/wiki/Walt_Hansgen
Hap Sharp,1928-01-01,American,http://en.wikipedia.org/wiki/Hap_Sharp
Willy Mairesse,1928-10-01,Belgian,http://en.wikipedia.org/wiki/Willy_Mairesse
John Campbell-Jones,1930-01-21,British,http://en.wikipedia.org/wiki/John_Campbell-Jones
Ian Burgess,1930-07-06,British,http://en.wikipedia.org/wiki/Ian_Burgess
Tony Settember,1926-07-10,American,http://en.wikipedia.org/wiki/Tony_Settember
Nasif Estéfano,1932-11-18,Argentine,http://en.wikipedia.org/wiki/Nasif_Est%C3%A9fano
Jim Hall,1935-07-23,American,http://en.wikipedia.org/wiki/Jim_Hall_(race_car_driver)
Tim Parnell,1932-06-25,British,http://en.wikipedia.org/wiki/Tim_Parnell
Kurt Kuhnke,1910-04-30,German,http://en.wikipedia.org/wiki/Kurt_Kuhnke
Ernesto Brambilla,1934-01-31,Italian,http://en.wikipedia.org/wiki/Ernesto_Brambilla
Roberto Lippi,1926-10-17,Italian,http://en.wikipedia.org/wiki/Roberto_Lippi
Günther Seiffert,1937-10-18,German,http://en.wikipedia.org/wiki/G%C3%BCnther_Seiffert
Carlo Abate,1932-07-10,Italian,http://en.wikipedia.org/wiki/Carlo_Mario_Abate
Gaetano Starrabba,1932-12-03,Italian,http://en.wikipedia.org/wiki/Gaetano_Starrabba
Peter Broeker,1926-05-15,Canadian,http://en.wikipedia.org/wiki/Peter_Broeker
Rodger Ward,1921-01-10,American,http://en.wikipedia.org/wiki/Rodger_Ward
Ernie de Vos,1941-07-01,Dutch,http://en.wikipedia.org/wiki/Ernie_de_Vos
Frank Dochnal,1920-10-08,American,http://en.wikipedia.org/wiki/Frank_Dochnal
Thomas Monarch,1945-09-03,American,http://en.wikipedia.org/wiki/Talk:1963_Mexican_Grand_Prix#Who_was_Thomas_Monarch.3F
Pierre Gasly,1996-02-07,French,http://en.wikipedia.org/wiki/Pierre_Gasly
Jackie Lewis,1936-11-01,British,http://en.wikipedia.org/wiki/Jackie_Lewis
Ricardo Rodríguez,1942-02-14,Mexican,http://en.wikipedia.org/wiki/Ricardo_Rodr%C3%ADguez_(Formula_One)
Wolfgang Seidel,1926-07-04,German,http://en.wikipedia.org/wiki/Wolfgang_Seidel
Roy Salvadori,1922-05-12,British,http://en.wikipedia.org/wiki/Roy_Salvadori
Ben Pon,1936-12-09,Dutch,http://en.wikipedia.org/wiki/Ben_Pon
Rob Slotemaker,1929-06-13,Dutch,http://en.wikipedia.org/wiki/Rob_Slotemaker
Tony Marsh,1931-07-20,British,http://en.wikipedia.org/wiki/Tony_Marsh_(racing_driver)
Gerry Ashmore,1936-07-25,British,http://en.wikipedia.org/wiki/Gerry_Ashmore
Heinz Schiller,1930-01-25,Swiss,http://en.wikipedia.org/wiki/Heinz_Schiller
Colin Davis,1933-07-29,British,http://en.wikipedia.org/wiki/Colin_Davis_(driver)
Jay Chamberlain,1925-12-29,American,http://en.wikipedia.org/wiki/Jay_Chamberlain
Tony Shelly,1937-02-02,New Zealander,http://en.wikipedia.org/wiki/Tony_Shelly
Keith Greene,1938-01-05,British,http://en.wikipedia.org/wiki/Keith_Greene
Heini Walter,1927-07-28,Swiss,http://en.wikipedia.org/wiki/Heini_Walter
Ernesto Prinoth,1923-04-15,Italian,http://en.wikipedia.org/wiki/Ernesto_Prinoth
Roger Penske,1937-02-20,American,http://en.wikipedia.org/wiki/Roger_Penske
Rob Schroeder,1926-05-11,British,http://en.wikipedia.org/wiki/Rob_Schroeder
Timmy Mayer,1938-02-22,American,http://en.wikipedia.org/wiki/Timmy_Mayer
Bruce Johnstone,1937-01-30,South African,http://en.wikipedia.org/wiki/Bruce_Johnstone_(racing_driver)
Mike Harris,1939-05-25,South African,http://en.wikipedia.org/wiki/Mike_Harris_(race_car_driver)
Gary Hocking,1937-09-30,Rhodesian,http://en.wikipedia.org/wiki/Gary_Hocking
Syd van der Vyver,1920-06-01,South African,http://en.wikipedia.org/wiki/Syd_van_der_Vyver
Stirling Moss,1929-09-17,British,http://en.wikipedia.org/wiki/Stirling_Moss
Wolfgang von Trips,1928-05-04,German,http://en.wikipedia.org/wiki/Wolfgang_Graf_Berghe_von_Trips
Cliff Allison,1932-02-08,British,http://en.wikipedia.org/wiki/Cliff_Allison
Hans Herrmann,1928-02-23,German,http://en.wikipedia.org/wiki/Hans_Herrmann
Tony Brooks,1932-02-25,British,http://en.wikipedia.org/wiki/Tony_Brooks
Michael May,1934-08-18,Swiss,http://en.wikipedia.org/wiki/Michael_May_(racing_driver)
Henry Taylor,1932-12-16,British,http://en.wikipedia.org/wiki/Henry_Taylor_(racing_driver)
Olivier Gendebien,1924-01-12,Belgian,http://en.wikipedia.org/wiki/Olivier_Gendebien
Giorgio Scarlatti,1921-10-02,Italian,http://en.wikipedia.org/wiki/Giorgio_Scarlatti
Brian Naylor,1923-03-24,British,http://en.wikipedia.org/wiki/Brian_Naylor
Juan Manuel Bordeu,1934-01-28,Argentine,http://en.wikipedia.org/wiki/Juan_Manuel_Bordeu
Jack Fairman,1913-03-15,British,http://en.wikipedia.org/wiki/Jack_Fairman
Massimo Natili,1935-07-28,Italian,http://en.wikipedia.org/wiki/Massimo_Natili
Peter Monteverdi,1934-06-07,Swiss,http://en.wikipedia.org/wiki/Peter_Monteverdi
Renato Pirocchi,1933-03-26,Italian,http://en.wikipedia.org/wiki/Renato_Pirocchi
Geoff Duke,1923-03-29,British,http://en.wikipedia.org/wiki/Geoff_Duke
Alfonso Thiele,1920-04-05,American-Italian,http://en.wikipedia.org/wiki/Alfonso_Thiele
Menato Boffa,1930-01-04,Italian,http://en.wikipedia.org/wiki/Menato_Boffa
Peter Ryan,1940-06-10,Canadian,http://en.wikipedia.org/wiki/Peter_Ryan_(driver)
Lloyd Ruby,1928-01-12,American,http://en.wikipedia.org/wiki/Lloyd_Ruby
Ken Miles,1918-11-01,British,http://en.wikipedia.org/wiki/Ken_Miles
Carlos Menditeguy,1914-08-10,Argentine,http://en.wikipedia.org/wiki/Carlos_Menditeguy
Alberto Rodriguez Larreta,1934-01-14,Argentine,http://en.wikipedia.org/wiki/Alberto_Rodriguez_Larreta
José Froilán González,1922-10-05,Argentine,http://en.wikipedia.org/wiki/Jos%C3%A9_Froil%C3%A1n_Gonz%C3%A1lez
Roberto Bonomi,1919-09-30,Argentine,http://en.wikipedia.org/wiki/Roberto_Bonomi
Gino Munaron,1928-04-02,Italian,http://en.wikipedia.org/wiki/Gino_Munaron
Harry Schell,1921-06-29,American,http://en.wikipedia.org/wiki/Harry_Schell
Alan Stacey,1933-08-29,British,http://en.wikipedia.org/wiki/Alan_Stacey
Ettore Chimeri,1921-06-04,Venezuelan,http://en.wikipedia.org/wiki/Ettore_Chimeri
Antonio Creus,1924-10-28,Spanish,http://en.wikipedia.org/wiki/Antonio_Creus
Chris Bristow,1937-12-02,British,http://en.wikipedia.org/wiki/Chris_Bristow
Bruce Halford,1931-05-18,British,http://en.wikipedia.org/wiki/Bruce_Halford
Chuck Daigh,1923-11-29,American,http://en.wikipedia.org/wiki/Chuck_Daigh
Lance Reventlow,1936-02-24,American,http://en.wikipedia.org/wiki/Lance_Reventlow
Jim Rathmann,1928-07-16,American,http://en.wikipedia.org/wiki/Jim_Rathmann
Paul Goldsmith,1925-10-02,American,http://en.wikipedia.org/wiki/Paul_Goldsmith
Don Branson,1920-06-02,American,http://en.wikipedia.org/wiki/Don_Branson
Johnny Thomson,1922-04-09,American,http://en.wikipedia.org/wiki/Johnny_Thomson
Eddie Johnson,1919-02-10,American,http://en.wikipedia.org/wiki/Eddie_Johnson_(auto_racer)
Bob Veith,1926-11-01,American,http://en.wikipedia.org/wiki/Bob_Veith
Bud Tingelstad,1928-04-04,American,http://en.wikipedia.org/wiki/Bud_Tingelstad
Bob Christie,1924-04-04,American,http://en.wikipedia.org/wiki/Bob_Christie_(racing_driver)
Red Amick,1929-01-19,American,http://en.wikipedia.org/wiki/Red_Amick
Duane Carter,1913-05-05,American,http://en.wikipedia.org/wiki/Duane_Carter
Bill Homeier,1918-08-31,American,http://en.wikipedia.org/wiki/Bill_Homeier
Gene Hartley,1926-01-28,American,http://en.wikipedia.org/wiki/Gene_Hartley
Chuck Stevenson,1919-10-15,American,http://en.wikipedia.org/wiki/Chuck_Stevenson
Bobby Grim,1924-09-04,American,http://en.wikipedia.org/wiki/Bobby_Grim
Shorty Templeman,1919-08-12,American,http://en.wikipedia.org/wiki/Shorty_Templeman
Jim Hurtubise,1932-12-05,American,http://en.wikipedia.org/wiki/Jim_Hurtubise
Jimmy Bryan,1926-01-28,American,http://en.wikipedia.org/wiki/Jimmy_Bryan
Troy Ruttman,1930-03-11,American,http://en.wikipedia.org/wiki/Troy_Ruttman
Eddie Sachs,1927-05-28,American,http://en.wikipedia.org/wiki/Eddie_Sachs
Don Freeland,1925-03-25,American,http://en.wikipedia.org/wiki/Don_Freeland
Tony Bettenhausen,1916-09-12,American,http://en.wikipedia.org/wiki/Tony_Bettenhausen
Wayne Weiler,1934-12-09,American,http://en.wikipedia.org/wiki/Wayne_Weiler
Anthony Foyt,1935-01-16,American,http://en.wikipedia.org/wiki/A.J._Foyt
Eddie Russo,1925-11-19,American,http://en.wikipedia.org/wiki/Eddie_Russo
Johnny Boyd,1926-08-19,American,http://en.wikipedia.org/wiki/Johnny_Boyd
Gene Force,1916-06-15,American,http://en.wikipedia.org/wiki/Gene_Force
Jim McWithey,1927-07-04,American,http://en.wikipedia.org/wiki/Jim_McWithey
Len Sutton,1925-08-09,American,http://en.wikipedia.org/wiki/Len_Sutton
Dick Rathmann,1924-01-06,American,http://en.wikipedia.org/wiki/Dick_Rathmann
Al Herman,1927-03-15,American,http://en.wikipedia.org/wiki/Al_Herman
Dempsey Wilson,1927-03-11,American,http://en.wikipedia.org/wiki/Dempsey_Wilson
Mike Taylor,1934-04-24,British,http://en.wikipedia.org/wiki/Mike_Taylor_(driver)
Ron Flockhart,1923-06-16,British,http://en.wikipedia.org/wiki/Ron_Flockhart_(auto_racing)
David Piper,1930-12-02,British,http://en.wikipedia.org/wiki/David_Piper
Giulio Cabianca,1923-02-19,Italian,http://en.wikipedia.org/wiki/Giulio_Cabianca
Piero Drogo,1926-08-08,Italian,http://en.wikipedia.org/wiki/Piero_Drogo
Fred Gamble,1932-03-17,American,http://en.wikipedia.org/wiki/Fred_Gamble_(racing_driver)
Arthur Owen,1915-03-23,British,http://en.wikipedia.org/wiki/Arthur_Owen
Horace Gould,1918-09-20,British,http://en.wikipedia.org/wiki/Horace_Gould
Bob Drake,1919-12-14,American,http://en.wikipedia.org/wiki/Bob_Drake_(Formula_One)
Ivor Bueb,1923-06-06,British,http://en.wikipedia.org/wiki/Ivor_Bueb
Alain de Changy,1922-02-05,Belgian,http://en.wikipedia.org/wiki/Alain_de_Changy
Maria de Filippis,1926-11-11,Italian,http://en.wikipedia.org/wiki/Maria_Teresa_de_Filippis
Jean Lucienbonnet,1923-01-07,French,http://en.wikipedia.org/wiki/Jean_Lucienbonnet
André Testut,1926-04-13,Monegasque,http://en.wikipedia.org/wiki/Andr%C3%A9_Testut
Jean Behra,1921-02-16,French,http://en.wikipedia.org/wiki/Jean_Behra
Paul Russo,1914-04-10,American,http://en.wikipedia.org/wiki/Paul_Russo
Jimmy Daywalt,1924-08-28,American,http://en.wikipedia.org/wiki/Jimmy_Daywalt
Chuck Arnold,1926-05-30,American,http://en.wikipedia.org/wiki/Chuck_Arnold
Al Keller,1920-04-11,American,http://en.wikipedia.org/wiki/Al_Keller
Pat Flaherty,1926-01-06,American,http://en.wikipedia.org/wiki/Pat_Flaherty_(racing_driver)
Bill Cheesbourg,1927-06-12,American,http://en.wikipedia.org/wiki/Bill_Cheesbourg
Ray Crawford,1915-10-26,American,http://en.wikipedia.org/wiki/Ray_Crawford
Jack Turner,1920-02-12,American,http://en.wikipedia.org/wiki/Jack_Turner_(driver)
Chuck Weyant,1923-04-03,American,http://en.wikipedia.org/wiki/Chuck_Weyant
Jud Larson,1923-01-21,American,http://en.wikipedia.org/wiki/Jud_Larson
Mike Magill,1920-02-08,American,http://en.wikipedia.org/wiki/Mike_Magill
Carroll Shelby,1923-01-11,American,http://en.wikipedia.org/wiki/Carroll_Shelby
Fritz d'Orey,1938-03-25,Brazilian,http://en.wikipedia.org/wiki/Fritz_d%27Orey
Azdrubal Fontes,1922-12-26,Uruguayan,http://en.wikipedia.org/wiki/Azdrubal_Fontes
Peter Ashdown,1934-10-16,British,http://en.wikipedia.org/wiki/Peter_Ashdown
Bill Moss,1933-09-04,British,http://en.wikipedia.org/wiki/Bill_Moss_(racing_driver)
Dennis Taylor,1921-06-12,British,http://en.wikipedia.org/wiki/Dennis_Taylor_(racing_driver)
Harry Blanchard,1929-06-13,American,http://en.wikipedia.org/wiki/Harry_Blanchard
Alessandro de Tomaso,1928-07-10,Argentine-Italian,http://en.wikipedia.org/wiki/Alessandro_de_Tomaso
George Constantine,1918-02-22,American,http://en.wikipedia.org/wiki/George_Constantine
Bob Said,1932-05-05,American,http://en.wikipedia.org/wiki/Bob_Said
Phil Cade,1916-06-12,American,http://en.wikipedia.org/wiki/Phil_Cade
Luigi Musso,1924-07-28,Italian,http://en.wikipedia.org/wiki/Luigi_Musso
Mike Hawthorn,1929-04-10,British,http://en.wikipedia.org/wiki/Mike_Hawthorn
Juan Fangio,1911-06-24,Argentine,http://en.wikipedia.org/wiki/Juan_Manuel_Fangio
Paco Godia,1921-03-21,Spanish,http://en.wikipedia.org/wiki/Paco_Godia
Peter Collins,1931-11-06,British,http://en.wikipedia.org/wiki/Peter_Collins_(racing_driver)
Ken Kavanagh,1923-12-12,Australian,http://en.wikipedia.org/wiki/Ken_Kavanagh
Gerino Gerini,1928-08-10,Italian,http://en.wikipedia.org/wiki/Gerino_Gerini_(racing_driver)
Bruce Kessler,1936-03-23,American,http://en.wikipedia.org/wiki/Bruce_Kessler
Paul Emery,1916-11-12,British,http://en.wikipedia.org/wiki/Paul_Emery
Luigi Piotti,1913-10-27,Italian,http://en.wikipedia.org/wiki/Luigi_Piotti
Bernie Ecclestone,1930-10-28,British,http://en.wikipedia.org/wiki/Bernie_Ecclestone
Luigi Taramazzo,1932-05-05,Italian,http://en.wikipedia.org/wiki/Luigi_Taramazzo
Louis Chiron,1899-08-03,Monegasque,http://en.wikipedia.org/wiki/Louis_Chiron
Stuart Lewis-Evans,1930-04-20,British,http://en.wikipedia.org/wiki/Stuart_Lewis-Evans
George Amick,1924-10-24,American,http://en.wikipedia.org/wiki/George_Amick
Jimmy Reece,1929-11-17,American,http://en.wikipedia.org/wiki/Jimmy_Reece
Johnnie Parsons,1918-07-04,American,http://en.wikipedia.org/wiki/Johnnie_Parsons
Johnnie Tolan,1917-10-22,American,http://en.wikipedia.org/wiki/Johnnie_Tolan
Billy Garrett,1933-04-24,American,http://en.wikipedia.org/wiki/Billy_Garrett
Ed Elisian,1926-12-09,American,http://en.wikipedia.org/wiki/Ed_Elisian
Pat O'Connor,1928-10-09,American,http://en.wikipedia.org/wiki/Pat_O%27Connor_(auto_racer)
Jerry Unser,1932-11-15,American,http://en.wikipedia.org/wiki/Jerry_Unser
Art Bisch,1926-11-10,American,http://en.wikipedia.org/wiki/Art_Bisch
Christian Goethals,1928-08-04,Belgian,http://en.wikipedia.org/wiki/Christian_Goethals
Dick Gibson,1918-04-16,British,http://en.wikipedia.org/wiki/Dick_Gibson
Robert La Caze,1917-02-26,French,http://en.wikipedia.org/wiki/Robert_La_Caze
André Guelfi,1919-05-06,French,http://en.wikipedia.org/wiki/Andr%C3%A9_Guelfi
François Picard,1921-04-26,French,http://en.wikipedia.org/wiki/Fran%C3%A7ois_Picard
Tom Bridger,1934-06-24,British,http://en.wikipedia.org/wiki/Tom_Bridger
Alfonso de Portago,1928-10-11,Spanish,http://en.wikipedia.org/wiki/Alfonso_de_Portago
Cesare Perdisa,1932-10-21,Italian,http://en.wikipedia.org/wiki/Cesare_Perdisa
Eugenio Castellotti,1930-10-10,Italian,http://en.wikipedia.org/wiki/Eugenio_Castellotti
André Simon,1920-01-05,French,http://en.wikipedia.org/wiki/Andr%C3%A9_Simon_(racing_driver)
Les Leston,1920-12-16,British,http://en.wikipedia.org/wiki/Les_Leston
Sam Hanks,1914-07-13,American,http://en.wikipedia.org/wiki/Sam_Hanks
Andy Linden,1922-04-05,American,http://en.wikipedia.org/wiki/Andy_Linden_(racing_driver)
Marshall Teague,1921-02-22,American,http://en.wikipedia.org/wiki/Marshall_Teague_(racing_driver)
Don Edmunds,1930-09-23,American,http://en.wikipedia.org/wiki/Don_Edmunds
Fred Agabashian,1913-08-21,American,http://en.wikipedia.org/wiki/Fred_Agabashian
Elmer George,1928-07-15,American,http://en.wikipedia.org/wiki/Elmer_George
Mike MacDowel,1932-09-13,British,http://en.wikipedia.org/wiki/Mike_MacDowel
Herbert MacKay-Fraser,1927-06-23,American,http://en.wikipedia.org/wiki/Herbert_MacKay-Fraser
Bob Gerard,1914-01-19,British,http://en.wikipedia.org/wiki/Bob_Gerard
Umberto Maglioli,1928-06-05,Italian,http://en.wikipedia.org/wiki/Umberto_Maglioli
Paul England,1929-03-28,Australian,http://en.wikipedia.org/wiki/Paul_England
Chico Landi,1907-07-14,Brazilian,http://en.wikipedia.org/wiki/Chico_Landi
Alberto Uria,1924-07-11,Uruguayan,http://en.wikipedia.org/wiki/Alberto_Uria
Hernando da Silva Ramos,1925-12-07,Brazilian,http://en.wikipedia.org/wiki/Hernando_da_Silva_Ramos
Élie Bayol,1914-02-28,French,http://en.wikipedia.org/wiki/%C3%89lie_Bayol
Robert Manzon,1917-04-12,French,http://en.wikipedia.org/wiki/Robert_Manzon
Louis Rosier,1905-11-05,French,http://en.wikipedia.org/wiki/Louis_Rosier
Bob Sweikert,1926-05-20,American,http://en.wikipedia.org/wiki/Bob_Sweikert
Cliff Griffith,1916-02-06,American,http://en.wikipedia.org/wiki/Cliff_Griffith
Duke Dinsmore,1913-04-10,American,http://en.wikipedia.org/wiki/Duke_Dinsmore
Keith Andrews,1920-06-15,American,http://en.wikipedia.org/wiki/Keith_Andrews_(driver)
Paul Frère,1917-01-30,Belgian,http://en.wikipedia.org/wiki/Paul_Fr%C3%A8re
Luigi Villoresi,1909-05-16,Italian,http://en.wikipedia.org/wiki/Luigi_Villoresi
Piero Scotti,1909-11-11,Italian,http://en.wikipedia.org/wiki/Piero_Scotti
Colin Chapman,1928-05-19,British,http://en.wikipedia.org/wiki/Colin_Chapman
Desmond Titterington,1928-05-01,British,http://en.wikipedia.org/wiki/Desmond_Titterington
Archie Scott Brown,1927-05-13,British,http://en.wikipedia.org/wiki/Archie_Scott_Brown
Ottorino Volonterio,1917-12-07,Swiss,http://en.wikipedia.org/wiki/Ottorino_Volonterio
André Milhoux,1928-12-09,Belgian,http://en.wikipedia.org/wiki/Andr%C3%A9_Milhoux
Toulo de Graffenried,1914-05-18,Swiss,http://en.wikipedia.org/wiki/Toulo_de_Graffenried
Piero Taruffi,1906-10-12,Italian,http://en.wikipedia.org/wiki/Piero_Taruffi
Nino Farina,1906-10-30,Italian,http://en.wikipedia.org/wiki/Nino_Farina
Roberto Mieres,1924-12-03,Argentine,http://en.wikipedia.org/wiki/Roberto_Mieres
Sergio Mantovani,1929-05-22,Italian,http://en.wikipedia.org/wiki/Sergio_Mantovani
Clemar Bucci,1920-09-04,Argentine,http://en.wikipedia.org/wiki/Clemar_Bucci
Jesús Iglesias,1922-02-22,Argentine,http://en.wikipedia.org/wiki/Jes%C3%BAs_Iglesias
Alberto Ascari,1918-07-13,Italian,http://en.wikipedia.org/wiki/Alberto_Ascari
Karl Kling,1910-09-16,German,http://en.wikipedia.org/wiki/Karl_Kling
Pablo Birger,1924-01-07,Argentine,http://en.wikipedia.org/wiki/Pablo_Birger
Jacques Pollet,1922-07-02,French,http://en.wikipedia.org/wiki/Jacques_Pollet
Lance Macklin,1919-09-02,British,http://en.wikipedia.org/wiki/Lance_Macklin
Ted Whiteaway,1928-11-01,British,http://en.wikipedia.org/wiki/Ted_Whiteaway
Jimmy Davies,1929-08-08,American,http://en.wikipedia.org/wiki/Jimmy_Davies
Walt Faulkner,1920-02-16,American,http://en.wikipedia.org/wiki/Walt_Faulkner
Cal Niday,1914-04-29,American,http://en.wikipedia.org/wiki/Cal_Niday
Art Cross,1918-01-24,American,http://en.wikipedia.org/wiki/Art_Cross
Bill Vukovich,1918-12-13,American,http://en.wikipedia.org/wiki/Bill_Vukovich
Jack McGrath,1919-10-08,American,http://en.wikipedia.org/wiki/Jack_McGrath_(racing_driver)
Jerry Hoyt,1929-01-29,American,http://en.wikipedia.org/wiki/Jerry_Hoyt
Johnny Claes,1916-08-11,Belgian,http://en.wikipedia.org/wiki/Johnny_Claes
Peter Walker,1912-10-07,British,http://en.wikipedia.org/wiki/Peter_Walker_(driver)
Mike Sparken,1930-06-16,French,http://en.wikipedia.org/wiki/Mike_Sparken
Ken Wharton,1916-03-21,British,http://en.wikipedia.org/wiki/Ken_Wharton
Kenneth McAlpine,1920-09-21,British,http://en.wikipedia.org/wiki/Kenneth_McAlpine
Leslie Marr,1922-08-14,British,http://en.wikipedia.org/wiki/Leslie_Marr
Tony Rolt,1918-10-16,British,http://en.wikipedia.org/wiki/Tony_Rolt
John Fitch,1917-08-04,American,http://en.wikipedia.org/wiki/John_Fitch_(driver)
Jean Lucas,1917-04-25,French,http://en.wikipedia.org/wiki/Jean_Lucas
Prince Bira,1914-07-15,Thai,http://en.wikipedia.org/wiki/Prince_Bira
Onofre Marimón,1923-12-19,Argentine,http://en.wikipedia.org/wiki/Onofre_Marim%C3%B3n
Roger Loyer,1907-08-05,French,http://en.wikipedia.org/wiki/Roger_Loyer
Jorge Daponte,1923-06-05,Argentine,http://en.wikipedia.org/wiki/Jorge_Daponte
Mike Nazaruk,1921-10-02,American,http://en.wikipedia.org/wiki/Mike_Nazaruk
Larry Crockett,1926-10-23,American,http://en.wikipedia.org/wiki/Larry_Crockett
Manny Ayulo,1921-10-20,American,http://en.wikipedia.org/wiki/Manny_Ayulo
Frank Armi,1918-10-12,American,http://en.wikipedia.org/wiki/Frank_Armi
Travis Webb,1910-10-08,American,http://en.wikipedia.org/wiki/Travis_Webb
Len Duncan,1911-07-25,American,http://en.wikipedia.org/wiki/Len_Duncan
Ernie McCoy,1921-02-19,American,http://en.wikipedia.org/wiki/Ernie_McCoy
Jacques Swaters,1926-10-30,American,http://en.wikipedia.org/wiki/Jacques_Swaters
Georges Berger,1918-09-14,Belgian,http://en.wikipedia.org/wiki/Georges_Berger
Don Beauman,1928-07-26,British,http://en.wikipedia.org/wiki/Don_Beauman
Leslie Thorne,1916-06-23,British,http://en.wikipedia.org/wiki/Leslie_Thorne
Bill Whitehouse,1909-04-01,British,http://en.wikipedia.org/wiki/Bill_Whitehouse
John Riseley-Prichard,1924-01-17,British,http://en.wikipedia.org/wiki/John_Riseley-Prichard
Reg Parnell,1911-07-02,British,http://en.wikipedia.org/wiki/Reg_Parnell
Peter Whitehead,1914-11-12,British,http://en.wikipedia.org/wiki/Peter_Whitehead_(racing_driver)
Eric Brandon,1920-07-18,British,http://en.wikipedia.org/wiki/Eric_Brandon
Alan Brown,1919-11-20,British,http://en.wikipedia.org/wiki/Alan_Brown_(racing_driver)
Rodney Nuckey,1929-06-26,British,http://en.wikipedia.org/wiki/Rodney_Nuckey
Hermann Lang,1909-04-06,German,http://en.wikipedia.org/wiki/Hermann_Lang
Theo Helfrich,1913-05-13,German,http://en.wikipedia.org/wiki/Theo_Helfrich
Fred Wacker,1918-07-10,American,http://en.wikipedia.org/wiki/Fred_Wacker
Giovanni de Riu,1925-03-10,Italian,http://en.wikipedia.org/wiki/Giovanni_de_Riu
Oscar Gálvez,1913-08-17,Argentine,http://en.wikipedia.org/wiki/%C3%93scar_Alfredo_G%C3%A1lvez
John Barber,1929-07-22,British,http://en.wikipedia.org/wiki/John_Barber_(racing_driver)
Felice Bonetto,1903-06-09,Italian,http://en.wikipedia.org/wiki/Felice_Bonetto
Adolfo Cruz,1923-06-28,Argentine,http://en.wikipedia.org/wiki/Adolfo_Schewelm_Cruz
Duke Nalon,1913-03-02,American,http://en.wikipedia.org/wiki/Duke_Nalon
Carl Scarborough,1914-07-03,American,http://en.wikipedia.org/wiki/Carl_Scarborough
Bill Holland,1907-12-18,American,http://en.wikipedia.org/wiki/Bill_Holland
Bob Scott,1928-10-04,American,http://en.wikipedia.org/wiki/Bob_Scott_(auto_racer)
Arthur Legat,1898-11-01,Belgian,http://en.wikipedia.org/wiki/Arthur_Legat
Yves Cabantous,1904-10-08,French,http://en.wikipedia.org/wiki/Yves_Giraud_Cabantous
Tony Crook,1920-02-16,British,http://en.wikipedia.org/wiki/Tony_Crook
Jimmy Stewart,1931-03-06,British,http://en.wikipedia.org/wiki/Jimmy_Stewart_(racing_driver)
Ian Stewart,1929-07-15,British,http://en.wikipedia.org/wiki/Ian_Stewart_(racing_driver)
Duncan Hamilton,1920-04-30,British,http://en.wikipedia.org/wiki/Duncan_Hamilton_(racing_driver)
Ernst Klodwig,1903-05-23,East German,http://en.wikipedia.org/wiki/Ernst_Klodwig
Rudolf Krause,1907-03-30,East German,http://en.wikipedia.org/wiki/Rudolf_Krause
Oswald Karch,1917-03-06,German,http://en.wikipedia.org/wiki/Oswald_Karch
Willi Heeks,1922-02-13,German,http://en.wikipedia.org/wiki/Willi_Heeks
Theo Fitzau,1923-02-10,East German,http://en.wikipedia.org/wiki/Theo_Fitzau
Kurt Adolff,1921-11-05,German,http://en.wikipedia.org/wiki/Kurt_Adolff
Günther Bechem,1921-12-21,German,http://en.wikipedia.org/wiki/G%C3%BCnther_Bechem
Erwin Bauer,1912-07-17,German,http://en.wikipedia.org/wiki/Erwin_Bauer
Hans von Stuck,1900-12-27,German,http://en.wikipedia.org/wiki/Hans_Von_Stuck
Ernst Loof,1907-07-04,German,http://en.wikipedia.org/wiki/Ernst_Loof
Albert Scherrer,1908-02-28,Swiss,http://en.wikipedia.org/wiki/Albert_Scherrer
Max de Terra,1918-10-06,Swiss,http://en.wikipedia.org/wiki/Max_de_Terra
Peter Hirt,1910-03-30,Swiss,http://en.wikipedia.org/wiki/Peter_Hirt
Piero Carini,1921-03-06,Italian,http://en.wikipedia.org/wiki/Piero_Carini
Rudi Fischer,1912-04-19,Swiss,http://en.wikipedia.org/wiki/Rudi_Fischer
Toni Ulmen,1906-01-25,German,http://en.wikipedia.org/wiki/Toni_Ulmen
George Abecassis,1913-03-21,British,http://en.wikipedia.org/wiki/George_Abecassis
George Connor,1906-08-16,American,http://en.wikipedia.org/wiki/George_Connor_(driver)
Jim Rigsby,1923-06-06,American,http://en.wikipedia.org/wiki/Jim_Rigsby
Joe James,1925-05-23,American,http://en.wikipedia.org/wiki/Joe_James_(racing_driver)
Bill Schindler,1909-03-06,American,http://en.wikipedia.org/wiki/Bill_Schindler
George Fonder,1917-06-22,American,http://en.wikipedia.org/wiki/George_Fonder
Henry Banks,1913-06-14,American,http://en.wikipedia.org/wiki/Henry_Banks
Johnny McDowell,1915-01-29,American,http://en.wikipedia.org/wiki/Johnny_McDowell
Chet Miller,1902-07-19,American,http://en.wikipedia.org/wiki/Chet_Miller
Bobby Ball,1925-08-26,American,http://en.wikipedia.org/wiki/Bobby_Ball_(auto_racer)
Charles de Tornaco,1927-06-07,Belgian,http://en.wikipedia.org/wiki/Charles_de_Tornaco
Roger Laurent,1913-02-21,Belgian,http://en.wikipedia.org/wiki/Roger_Laurent
Robert O'Brien,1908-04-11,American,http://en.wikipedia.org/wiki/Robert_O%27Brien_(auto_racer)
Tony Gaze,1920-02-03,Australian,http://en.wikipedia.org/wiki/Tony_Gaze
Robin Montgomerie-Charrington,1915-06-23,British,http://en.wikipedia.org/wiki/Robin_Montgomerie-Charrington
Franco Comotti,1906-07-24,Italian,http://en.wikipedia.org/wiki/Franco_Comotti
Philippe Étancelin,1896-12-28,French,http://en.wikipedia.org/wiki/Philippe_%C3%89tancelin
Dennis Poore,1916-08-19,British,http://en.wikipedia.org/wiki/Dennis_Poore
Eric Thompson,1919-11-04,British,http://en.wikipedia.org/wiki/Eric_Thompson_(racing_driver)
Ken Downing,1917-12-05,British,http://en.wikipedia.org/wiki/Ken_Downing
Graham Whitehead,1922-04-15,British,http://en.wikipedia.org/wiki/Graham_Whitehead
Gino Bianco,1916-07-22,Brazilian,http://en.wikipedia.org/wiki/Gino_Bianco
David Murray,1909-12-28,British,http://en.wikipedia.org/wiki/David_Murray_(driver)
Eitel Cantoni,1906-10-04,Uruguayan,http://en.wikipedia.org/wiki/Eitel_Cantoni
Bill Aston,1900-03-29,British,http://en.wikipedia.org/wiki/Bill_Aston
Adolf Brudes,1899-10-15,German,http://en.wikipedia.org/wiki/Adolf_Brudes
Fritz Riess,1922-07-11,German,http://en.wikipedia.org/wiki/Fritz_Riess
Helmut Niedermayr,1915-11-29,German,http://en.wikipedia.org/wiki/Helmut_Niedermayr
Hans Klenk,1919-10-28,German,http://en.wikipedia.org/wiki/Hans_Klenk
Marcel Balsa,1909-01-01,French,http://en.wikipedia.org/wiki/Marcel_Balsa
Rudolf Schoeller,1902-04-27,Swiss,http://en.wikipedia.org/wiki/Rudolf_Schoeller
Paul Pietsch,1911-06-20,German,http://en.wikipedia.org/wiki/Paul_Pietsch
Josef Peters,1914-09-16,German,http://en.wikipedia.org/wiki/Josef_Peters_(driver)
Dries van der Lof,1919-08-23,Dutch,http://en.wikipedia.org/wiki/Dries_van_der_Lof
Jan Flinterman,1919-10-02,Dutch,http://en.wikipedia.org/wiki/Jan_Flinterman
Piero Dusio,1899-10-13,Italian,http://en.wikipedia.org/wiki/Piero_Dusio
Alberto Crespo,1920-01-16,Argentine,http://en.wikipedia.org/wiki/Alberto_Crespo
Franco Rol,1908-06-05,Italian,http://en.wikipedia.org/wiki/Franco_Rol
Consalvo Sanesi,1911-03-28,Italian,http://en.wikipedia.org/wiki/Consalvo_Sanesi
Guy Mairesse,1910-08-10,French,http://en.wikipedia.org/wiki/Guy_Mairesse
Henri Louveau,1910-01-25,French,http://en.wikipedia.org/wiki/Henri_Louveau
Lee Wallard,1910-09-07,American,http://en.wikipedia.org/wiki/Lee_Wallard
Carl Forberg,1911-03-04,American,http://en.wikipedia.org/wiki/Carl_Forberg
Mauri Rose,1906-05-26,American,http://en.wikipedia.org/wiki/Mauri_Rose
Bill Mackey,1927-12-15,American,http://en.wikipedia.org/wiki/Bill_Mackey
Cecil Green,1919-09-30,American,http://en.wikipedia.org/wiki/Cecil_Green
Walt Brown,1911-12-30,American,http://en.wikipedia.org/wiki/Walt_Brown_(auto_racer)
Mack Hellings,1915-09-14,American,http://en.wikipedia.org/wiki/Mack_Hellings
Pierre Levegh,1905-12-22,French,http://en.wikipedia.org/wiki/Pierre_Levegh
Eugène Chaboud,1907-04-12,French,http://en.wikipedia.org/wiki/Eug%C3%A8ne_Chaboud
Aldo Gordini,1921-05-20,French,http://en.wikipedia.org/wiki/Aldo_Gordini
Joe Kelly,1913-03-13,Irish,http://en.wikipedia.org/wiki/Joe_Kelly_(Formula_One)
Philip Fotheringham-Parker,1907-09-22,British,http://en.wikipedia.org/wiki/Philip_Fotheringham-Parker
Brian Shawe Taylor,1915-01-28,British,http://en.wikipedia.org/wiki/Brian_Shawe_Taylor
John James,1914-05-10,British,http://en.wikipedia.org/wiki/John_James_(auto_racer)
Toni Branca,1916-09-15,Swiss,http://en.wikipedia.org/wiki/Toni_Branca
Ken Richardson,1911-08-21,British,http://en.wikipedia.org/wiki/Ken_Richardson_(race_car_driver)
Juan Jover,1903-11-23,Spanish,http://en.wikipedia.org/wiki/Juan_Jover
Georges Grignard,1905-07-25,French,http://en.wikipedia.org/wiki/Georges_Grignard
David Hampshire,1917-12-29,British,http://en.wikipedia.org/wiki/David_Hampshire
Geoff Crossley,1921-05-11,British,http://en.wikipedia.org/wiki/Geoff_Crossley
Luigi Fagioli,1898-06-09,Italian,http://en.wikipedia.org/wiki/Luigi_Fagioli
Cuth Harrison,1906-07-06,British,http://en.wikipedia.org/wiki/Cuth_Harrison
Joe Fry,1915-10-26,British,http://en.wikipedia.org/wiki/Joe_Fry
Eugène Martin,1915-03-24,French,http://en.wikipedia.org/wiki/Eug%C3%A8ne_Martin
Leslie Johnson,1912-03-22,British,http://en.wikipedia.org/wiki/Leslie_Johnson_(racing_driver)
Clemente Biondetti,1898-08-18,Italian,http://en.wikipedia.org/wiki/Clemente_Biondetti
Alfredo Pián,1912-10-21,Argentine,http://en.wikipedia.org/wiki/Alfredo_Pi%C3%A0n
Raymond Sommer,1906-08-31,French,http://en.wikipedia.org/wiki/Raymond_Sommer
Joie Chitwood,1912-04-14,American,http://en.wikipedia.org/wiki/Joie_Chitwood
Myron Fohr,1912-06-17,American,http://en.wikipedia.org/wiki/Myron_Fohr
Walt Ader,1913-12-15,American,http://en.wikipedia.org/wiki/Walt_Ader
Jackie Holmes,1920-09-04,American,http://en.wikipedia.org/wiki/Jackie_Holmes
Bayliss Levrett,1914-02-14,American,http://en.wikipedia.org/wiki/Bayliss_Levrett
Jimmy Jackson,1910-07-25,American,http://en.wikipedia.org/wiki/Jimmy_Jackson_(driver)
Nello Pagani,1911-10-11,Italian,http://en.wikipedia.org/wiki/Nello_Pagani
Charles Pozzi,1909-08-27,French,http://en.wikipedia.org/wiki/Charles_Pozzi
Dorino Serafini,1909-07-22,Italian,http://en.wikipedia.org/wiki/Dorino_Serafini
Bill Cantrell,1908-01-31,American,http://en.wikipedia.org/wiki/William_Cantrell
Johnny Mantz,1918-09-18,American,http://en.wikipedia.org/wiki/Johnny_Mantz
Danny Kladis,1917-02-10,American,http://en.wikipedia.org/wiki/Danny_Kladis
Óscar González,1923-11-10,Uruguayan,http://en.wikipedia.org/wiki/%C3%93scar_Gonz%C3%A1lez_(racing_driver)
Nico Hülkenberg,1987-08-19,German,http://en.wikipedia.org/wiki/Nico_H%C3%BClkenberg
Vitaly Petrov,1984-09-08,Russian,http://en.wikipedia.org/wiki/Vitaly_Petrov
Lucas di Grassi,1984-08-11,Brazilian,http://en.wikipedia.org/wiki/Lucas_di_Grassi
Bruno Senna,1983-10-15,Brazilian,http://en.wikipedia.org/wiki/Bruno_Senna
Karun Chandhok,1984-01-19,Indian,http://en.wikipedia.org/wiki/Karun_Chandhok
Pastor Maldonado,1985-03-09,Venezuelan,http://en.wikipedia.org/wiki/Pastor_Maldonado
Paul di Resta,1986-04-16,British,http://en.wikipedia.org/wiki/Paul_di_Resta
Sergio Pérez,1990-01-26,Mexican,http://en.wikipedia.org/wiki/Sergio_P%C3%A9rez
Jérôme d'Ambrosio,1985-12-27,Belgian,http://en.wikipedia.org/wiki/J%C3%A9r%C3%B4me_d%27Ambrosio
Daniel Ricciardo,1989-07-01,Australian,http://en.wikipedia.org/wiki/Daniel_Ricciardo
Jean-Éric Vergne,1990-04-25,French,http://en.wikipedia.org/wiki/Jean-%C3%89ric_Vergne
Charles Pic,1990-02-15,French,http://en.wikipedia.org/wiki/Charles_Pic
Max Chilton,1991-04-21,British,http://en.wikipedia.org/wiki/Max_Chilton
Esteban Gutiérrez,1991-08-05,Mexican,http://en.wikipedia.org/wiki/Esteban_Guti%C3%A9rrez
Valtteri Bottas,1989-08-28,Finnish,http://en.wikipedia.org/wiki/Valtteri_Bottas
Giedo van der Garde,1985-04-25,Dutch,http://en.wikipedia.org/wiki/Giedo_van_der_Garde
Jules Bianchi,1989-08-03,French,http://en.wikipedia.org/wiki/Jules_Bianchi
Kevin Magnussen,1992-10-05,Danish,http://en.wikipedia.org/wiki/Kevin_Magnussen
Daniil Kvyat,1994-04-26,Russian,http://en.wikipedia.org/wiki/Daniil_Kvyat
André Lotterer,1981-11-19,German,http://en.wikipedia.org/wiki/Andr%C3%A9_Lotterer
Marcus Ericsson,1990-09-02,Swedish,http://en.wikipedia.org/wiki/Marcus_Ericsson
Will Stevens,1991-06-28,British,http://en.wikipedia.org/wiki/Will_Stevens
Max Verstappen,1997-09-30,Dutch,http://en.wikipedia.org/wiki/Max_Verstappen
Felipe Nasr,1992-08-21,Brazilian,http://en.wikipedia.org/wiki/Felipe_Nasr
Carlos Sainz,1994-09-01,Spanish,http://en.wikipedia.org/wiki/Carlos_Sainz_Jr.
Roberto Merhi,1991-03-22,Spanish,http://en.wikipedia.org/wiki/Roberto_Merhi
Alexander Rossi,1991-09-25,American,http://en.wikipedia.org/wiki/Alexander_Rossi_%28racing_driver%29
Jolyon Palmer,1991-01-20,British,http://en.wikipedia.org/wiki/Jolyon_Palmer
Pascal Wehrlein,1994-10-18,German,http://en.wikipedia.org/wiki/Pascal_Wehrlein
Rio Haryanto,1993-01-22,Indonesian,http://en.wikipedia.org/wiki/Rio_Haryanto
Stoffel Vandoorne,1992-03-26,Belgian,http://en.wikipedia.org/wiki/Stoffel_Vandoorne
Esteban Ocon,1996-09-17,French,http://en.wikipedia.org/wiki/Esteban_Ocon
Lance Stroll,1998-10-29,Canadian,http://en.wikipedia.org/wiki/Lance_Stroll
Antonio Giovinazzi,1993-12-14,Italian,http://en.wikipedia.org/wiki/Antonio_Giovinazzi
Brendon Hartley,1989-11-10,New Zealander,http://en.wikipedia.org/wiki/Brendon_Hartley
Charles Leclerc,1997-10-16,Monegasque,http://en.wikipedia.org/wiki/Charles_Leclerc
Sergey Sirotkin,1995-08-27,Russian,http://en.wikipedia.org/wiki/Sergey_Sirotkin_(racing_driver)
Lando Norris,1999-11-13,British,http://en.wikipedia.org/wiki/Lando_Norris
George Russell,1998-02-15,British,http://en.wikipedia.org/wiki/George_Russell_(racing_driver)
Alexander Albon,1996-03-23,Thai,http://en.wikipedia.org/wiki/Alexander_Albon
Nicholas Latifi,1995-06-29,Canadian,http://en.wikipedia.org/wiki/Nicholas_Latifi
Pietro Fittipaldi,1996-06-25,Brazilian,http://en.wikipedia.org/wiki/Pietro_Fittipaldi
Jack Aitken,1995-09-23,British,http://en.wikipedia.org/wiki/Jack_Aitken
Yuki Tsunoda,2000-05-11,Japanese,http://en.wikipedia.org/wiki/Yuki_Tsunoda
Nikita Mazepin,1999-03-02,Russian,http://en.wikipedia.org/wiki/Nikita_Mazepin
Mick Schumacher,1999-03-22,German,http://en.wikipedia.org/wiki/Mick_Schumacher
Guanyu Zhou,1999-05-30,Chinese,http://en.wikipedia.org/wiki/Zhou_Guanyu
Nyck de Vries,1995-02-06,Dutch,http://en.wikipedia.org/wiki/Nyck_de_Vries
Oscar Piastri,2001-04-06,Australian,http://en.wikipedia.org/wiki/Oscar_Piastri
Logan Sargeant,2000-12-31,American,http://en.wikipedia.org/wiki/Logan_Sargeant
Liam Lawson,2002-02-11,New Zealander,http://en.wikipedia.org/wiki/Liam_Lawson
Oliver Bearman,2005-05-08,British,http://en.wikipedia.org/wiki/Oliver_Bearman
Franco Colapinto,2003-05-27,Argentinian ,http://en.wikipedia.org/wiki/Franco_Colapinto
Jack Doohan,2003-01-20,Australian,http://en.wikipedia.org/wiki/Jack_Doohan
